number_of_species,number_of_targets
1,2.0188018
2,2.9586167
3,3.4827707
4,3.817109
5,4.0500851
6,4.2212999
7,4.3524534
8,4.4551614
9,4.5375577
10,4.604769
