number_of_species,mean_targets,low,high
1,2.075135,1.9239749999999998,2.203025
2,2.583733,2.4109499999999997,2.725075
3,2.843755,2.66195,2.984025
4,2.989806,2.806,3.131025
5,3.080987,2.881975,3.228025
6,3.143508,2.93195,3.297
7,3.191843,2.959,3.359
8,3.231941,2.975975,3.415
9,3.26751,2.986,3.470025
10,3.301075,2.991975,3.525
